{"cameraMode":{"drawMode":0,"name":"Shaded","section":"Shading Mode"},"sceneLighting":true,"audioPlay":false,"sceneViewState":{"m_AlwaysRefresh":false,"showFog":true,"showSkybox":true,"showFlares":true,"showImageEffects":true,"showParticleSystems":true,"showVisualEffectGraphs":true,"m_FxEnabled":true},"in2DMode":false,"pivot":{"x":-2.209322929382324,"y":-2.2453370094299318,"z":-3.0832080841064455},"rotation":{"x":0.0069076246581971649,"y":-0.962615966796875,"z":0.2698433995246887,"w":0.02452024072408676},"size":7.964773178100586,"orthographic":false}